{
  "accuracy": 0.20924541128484025,
  "f1_macro": 0.15502986530162188
}